{
    "log": [1.803e-07, 9.871e-07, 6.9188e-06, 5.91504e-05, 0.000582734, 0.00541704, 0.0505501, 0.116704],
    "pow3": [4.962e-07, 2.4933e-06, 1.72156e-05, 0.000159751, 0.00167269, 0.0172386, 0.139624, 0.267587],
    "pow3mult": [2.85e-08, 5.1e-08, 2.853e-07, 2.7322e-06, 3.26241e-05, 0.00136445, 0.0134953, 0.0252445],
    "sum": [3.2e-08, 2.8e-08, 2.82e-08, 2.82e-08, 3.01e-08, 2.39e-08, 2.32e-08, 2.32e-08],
    "sqrt": [8.14e-08, 6.214e-07, 6.0339e-06, 6.27776e-05, 0.000613597, 0.00609883, 0.055975, 0.113336]
}