{
    "log": [8.57e-07, 1.7555e-06, 1.52187e-05, 0.000151303, 0.00151407, 0.0136706, 0.133089, 0.269207],
    "pow3": [2.77e-08, 4.76e-08, 2.165e-07, 2.3528e-06, 2.67596e-05, 0.00109906, 0.0182404, 0.0235021],
    "pow3mult": [4.13e-08, 6.94e-08, 3.161e-07, 3.3787e-06, 3.90719e-05, 0.000769666, 0.0116883, 0.023],
    "sum": [3e-08, 2.81e-08, 2.76e-08, 2.81e-08, 2.75e-08, 2.41e-08, 2.31e-08, 2.43e-08],
    "sqrt": [4.23e-08, 1.197e-07, 9.917e-07, 9.7247e-06, 9.40066e-05, 0.00104849, 0.0127701, 0.023681]
}