{
    "log": [2.0232e-06, 5.0637e-06, 4.66457e-05, 0.000425058, 0.0011071, 0.00876618, 0.0883755, 0.178868],
    "pow3": [5.615e-07, 2.1517e-06, 1.9284e-05, 0.000188591, 0.00191216, 0.0190125, 0.211231, 0.398409],
    "pow3mult": [1.439e-07, 1.1043e-06, 1.07386e-05, 0.000109534, 0.00113335, 0.0113117, 0.0982908, 0.195015],
    "sum": [6.62e-08, 3.323e-07, 3.0559e-06, 3.03974e-05, 0.000332896, 0.00320136, 0.0309928, 0.0663263],
    "sqrt": [1.369e-07, 6.915e-07, 7.4106e-06, 6.72635e-05, 0.000777297, 0.00751601, 0.0631081, 0.124541]
}