{
    "log": [6.203e-07, 1.1819e-06, 1.10703e-05, 0.000112129, 0.00111423, 0.00568089, 0.0510426, 0.104046],
    "pow3": [3.72e-07, 1.3756e-06, 1.30295e-05, 0.000130686, 0.00230209, 0.0144733, 0.13138, 0.2633],
    "pow3mult": [3.23e-08, 9.36e-08, 6.925e-07, 6.7919e-06, 6.93712e-05, 0.0010038, 0.0118491, 0.0238624],
    "sum": [3.08e-08, 5.84e-08, 3.203e-07, 2.9832e-06, 2.952e-05, 0.000311601, 0.00298396, 0.00620715],
    "sqrt": [8.12e-08, 5.79e-07, 5.6193e-06, 5.60373e-05, 0.000561616, 0.00576162, 0.0566251, 0.115703]
}