{
    "log": [0.50084, 0.500841, -0.0438419, -0.175033, -0.189227, 0.569638, 0.526189, 0.575767],
    "pow3": [0.500841, 0.500842, -0.0438339, -0.17495, -0.188399, 0.550379, 0.610856, 0.745441],
    "pow3mult": [0.50084, 0.50084, -0.0438479, -0.175081, -0.189722, 0.537798, 0.488412, 0.499425],
    "sum": [0.50084, 0.50084, -0.0438486, -0.175088, -0.189783, 0.536826, 0.476604, 0.476604],
    "sqrt": [0.50084, 0.500841, -0.0438425, -0.175027, -0.189171, 0.542398, 0.530395, 0.585475]
}