{
    "log": [0.500841, 0.500844, -0.0438192, -0.174785, -0.188605, 0.570435, 0.526829, 0.579687],
    "pow3": [0.500841, 0.500842, -0.0438314, -0.17494, -0.188343, 0.550188, 0.614491, 0.735825],
    "pow3mult": [0.50084, 0.50084, -0.0438479, -0.175081, -0.189724, 0.538121, 0.488318, 0.50028],
    "sum": [0.50084, 0.50084, -0.0438486, -0.175088, -0.189783, 0.536826, 0.476604, 0.476604],
    "sqrt": [0.50084, 0.500841, -0.0438427, -0.175029, -0.189196, 0.54245, 0.530293, 0.585664]
}